Entry,Line,DTE,GDD,Precipitation,Seedwt,Day Length,Location,Year
1,CDC-Asterix,9,99.20358333,2.6,24.80631277,16.19,Rosthern,2017
1,CDC-Asterix,9,99.20358333,2.6,24.80631277,16.19,Rosthern,2017
1,CDC-Asterix,9,99.20358333,2.6,24.80631277,16.19,Rosthern,2017
2,CDC-Rosie,9,99.20358333,2.6,26.88953488,16.19,Rosthern,2017
2,CDC-Rosie,10,107.8733333,2.6,26.88953488,16.24,Rosthern,2017
2,CDC-Rosie,9,99.20358333,2.6,26.88953488,16.19,Rosthern,2017
3,Nov-56,10,107.8733333,2.6,37.22117202,16.24,Rosthern,2017
3,Nov-56,9,99.20358333,2.6,37.22117202,16.19,Rosthern,2017
3,Nov-56,9,99.20358333,2.6,37.22117202,16.19,Rosthern,2017
4,CDC-Greenstar,9,99.20358333,2.6,61.81818182,16.19,Rosthern,2017
4,CDC-Greenstar,8,90.732125,2.6,61.81818182,16.19,Rosthern,2017
4,CDC-Greenstar,8,90.732125,2.6,61.81818182,16.19,Rosthern,2017
5,CDC-Cherie,10,107.8733333,2.6,26.96969697,16.24,Rosthern,2017
5,CDC-Cherie,9,99.20358333,2.6,26.96969697,16.19,Rosthern,2017
5,CDC-Cherie,10,107.8733333,2.6,26.96969697,16.24,Rosthern,2017
6,CDC-Glamis,8,90.732125,2.6,52.02143951,16.19,Rosthern,2017
6,CDC-Glamis,8,90.732125,2.6,52.02143951,16.19,Rosthern,2017
6,CDC-Glamis,9,99.20358333,2.6,52.02143951,16.19,Rosthern,2017
7,CDC-Gold,10,107.8733333,2.6,26.61231884,16.24,Rosthern,2017
7,CDC-Gold,10,107.8733333,2.6,26.61231884,16.24,Rosthern,2017
7,CDC-Gold,10,107.8733333,2.6,26.61231884,16.24,Rosthern,2017
8,CDC-Imax,9,99.20358333,2.6,39.92592593,16.19,Rosthern,2017
8,CDC-Imax,9,99.20358333,2.6,39.92592593,16.19,Rosthern,2017
8,CDC-Imax,10,107.8733333,2.6,39.92592593,16.24,Rosthern,2017
9,CDC-Impower,9,99.20358333,2.6,52.72727273,16.19,Rosthern,2017
9,CDC-Impower,8,90.732125,2.6,52.72727273,16.19,Rosthern,2017
9,CDC-Impower,9,99.20358333,2.6,52.72727273,16.19,Rosthern,2017
10,CDC-KR-1,10,107.8733333,2.6,48.86266094,16.24,Rosthern,2017
10,CDC-KR-1,9,99.20358333,2.6,48.86266094,16.19,Rosthern,2017
10,CDC-KR-1,9,99.20358333,2.6,48.86266094,16.19,Rosthern,2017
11,CDC-LeMay,9,99.20358333,2.6,26.79738562,16.19,Rosthern,2017
11,CDC-LeMay,9,99.20358333,2.6,26.79738562,16.19,Rosthern,2017
11,CDC-LeMay,9,99.20358333,2.6,26.79738562,16.19,Rosthern,2017
12,CDC-Maxim,9,99.20358333,2.6,33.46072187,16.19,Rosthern,2017
12,CDC-Maxim,8,90.732125,2.6,33.46072187,16.19,Rosthern,2017
12,CDC-Maxim,9,99.20358333,2.6,33.46072187,16.19,Rosthern,2017
13,CDC-QG-1,10,107.8733333,2.6,35.95132743,16.24,Rosthern,2017
13,CDC-QG-1,9,99.20358333,2.6,35.95132743,16.19,Rosthern,2017
13,CDC-QG-1,10,107.8733333,2.6,35.95132743,16.24,Rosthern,2017
14,CDC-Red-Rider,9,99.20358333,2.6,39.40239044,16.19,Rosthern,2017
14,CDC-Red-Rider,9,99.20358333,2.6,39.40239044,16.19,Rosthern,2017
14,CDC-Red-Rider,9,99.20358333,2.6,39.40239044,16.19,Rosthern,2017
15,CDC-Redcoat,11,116.26125,2.6,37.06586826,16.24,Rosthern,2017
15,CDC-Redcoat,9,99.20358333,2.6,37.06586826,16.19,Rosthern,2017
15,CDC-Redcoat,9,99.20358333,2.6,37.06586826,16.19,Rosthern,2017
16,CDC-Redwing,10,107.8733333,2.6,24.87329435,16.24,Rosthern,2017
16,CDC-Redwing,9,99.20358333,2.6,24.87329435,16.19,Rosthern,2017
16,CDC-Redwing,9,99.20358333,2.6,24.87329435,16.19,Rosthern,2017
17,CDC-Robin,9,99.20358333,2.6,26.80076628,16.19,Rosthern,2017
17,CDC-Robin,8,90.732125,2.6,26.80076628,16.19,Rosthern,2017
17,CDC-Robin,9,99.20358333,2.6,26.80076628,16.19,Rosthern,2017
18,CDC-Rosebud,10,107.8733333,2.6,27.06457926,16.24,Rosthern,2017
18,CDC-Rosebud,10,107.8733333,2.6,27.06457926,16.24,Rosthern,2017
18,CDC-Rosebud,10,107.8733333,2.6,27.06457926,16.24,Rosthern,2017
19,CDC-Rosetown,9,99.20358333,2.6,26.97087379,16.19,Rosthern,2017
19,CDC-Rosetown,8,90.732125,2.6,26.97087379,16.19,Rosthern,2017
19,CDC-Rosetown,9,99.20358333,2.6,26.97087379,16.19,Rosthern,2017
20,CDC-Rouleau,9,99.20358333,2.6,33.72848948,16.19,Rosthern,2017
20,CDC-Rouleau,8,90.732125,2.6,33.72848948,16.19,Rosthern,2017
20,CDC-Rouleau,9,99.20358333,2.6,33.72848948,16.19,Rosthern,2017
21,CDC-Royale,9,99.20358333,2.6,31.99240987,16.19,Rosthern,2017
21,CDC-Royale,9,99.20358333,2.6,31.99240987,16.19,Rosthern,2017
21,CDC-Royale,9,99.20358333,2.6,31.99240987,16.19,Rosthern,2017
22,CDC-Ruby,9,99.20358333,2.6,26.90248566,16.19,Rosthern,2017
22,CDC-Ruby,10,107.8733333,2.6,26.90248566,16.24,Rosthern,2017
22,CDC-Ruby,9,99.20358333,2.6,26.90248566,16.19,Rosthern,2017
23,CDC-SB-1,10,107.8733333,2.6,30.79335793,16.24,Rosthern,2017
23,CDC-SB-1,10,107.8733333,2.6,30.79335793,16.24,Rosthern,2017
23,CDC-SB-1,9,99.20358333,2.6,30.79335793,16.19,Rosthern,2017
24,CDC-Sedley,8,90.732125,2.6,70.67669173,16.19,Rosthern,2017
24,CDC-Sedley,8,90.732125,2.6,70.67669173,16.19,Rosthern,2017
24,CDC-Sedley,8,90.732125,2.6,70.67669173,16.19,Rosthern,2017
25,CDC-Vantage,9,99.20358333,2.6,40.44526902,16.19,Rosthern,2017
25,CDC-Vantage,9,99.20358333,2.6,40.44526902,16.19,Rosthern,2017
25,CDC-Vantage,8,90.732125,2.6,40.44526902,16.19,Rosthern,2017
26,CN-105604,10,107.8733333,2.6,20.71297989,16.24,Rosthern,2017
26,CN-105604,10,107.8733333,2.6,20.71297989,16.24,Rosthern,2017
26,CN-105604,10,107.8733333,2.6,20.71297989,16.24,Rosthern,2017
27,CN-105605,9,99.20358333,2.6,27.01851852,16.19,Rosthern,2017
27,CN-105605,9,99.20358333,2.6,27.01851852,16.19,Rosthern,2017
27,CN-105605,9,99.20358333,2.6,27.01851852,16.19,Rosthern,2017
28,CN-105715,9,99.20358333,2.6,40.3649635,16.19,Rosthern,2017
28,CN-105715,9,99.20358333,2.6,40.3649635,16.19,Rosthern,2017
28,CN-105715,9,99.20358333,2.6,40.3649635,16.19,Rosthern,2017
29,CN-105732,9,99.20358333,2.6,42.68431002,16.19,Rosthern,2017
29,CN-105732,9,99.20358333,2.6,42.68431002,16.19,Rosthern,2017
29,CN-105732,9,99.20358333,2.6,42.68431002,16.19,Rosthern,2017
30,CN-105767,9,99.20358333,2.6,29.1349481,16.19,Rosthern,2017
30,CN-105767,10,107.8733333,2.6,29.1349481,16.24,Rosthern,2017
30,CN-105767,9,99.20358333,2.6,29.1349481,16.19,Rosthern,2017
31,CN-105777,9,99.20358333,2.6,23.42696629,16.19,Rosthern,2017
31,CN-105777,9,99.20358333,2.6,23.42696629,16.19,Rosthern,2017
31,CN-105777,10,107.8733333,2.6,23.42696629,16.24,Rosthern,2017
32,CN-105789,10,107.8733333,2.6,28.57142857,16.24,Rosthern,2017
32,CN-105789,10,107.8733333,2.6,28.57142857,16.24,Rosthern,2017
32,CN-105789,9,99.20358333,2.6,28.57142857,16.19,Rosthern,2017
33,CN-105791,9,99.20358333,2.6,28.75464684,16.19,Rosthern,2017
33,CN-105791,10,107.8733333,2.6,28.75464684,16.24,Rosthern,2017
33,CN-105791,9,99.20358333,2.6,28.75464684,16.19,Rosthern,2017
34,CN-105862,8,90.732125,2.6,44.03013183,16.19,Rosthern,2017
34,CN-105862,11,116.26125,2.6,44.03013183,16.24,Rosthern,2017
34,CN-105862,9,99.20358333,2.6,44.03013183,16.19,Rosthern,2017
35,CN-105863,9,99.20358333,2.6,55.6744186,16.19,Rosthern,2017
35,CN-105863,10,107.8733333,2.6,55.6744186,16.24,Rosthern,2017
35,CN-105863,9,99.20358333,2.6,55.6744186,16.19,Rosthern,2017
36,CN-105864,10,107.8733333,2.6,35.41666667,16.24,Rosthern,2017
36,CN-105864,10,107.8733333,2.6,35.41666667,16.24,Rosthern,2017
36,CN-105864,10,107.8733333,2.6,35.41666667,16.24,Rosthern,2017
37,CN-105865,9,99.20358333,2.6,66.73866091,16.19,Rosthern,2017
37,CN-105865,9,99.20358333,2.6,66.73866091,16.19,Rosthern,2017
37,CN-105865,8,90.732125,2.6,66.73866091,16.19,Rosthern,2017
38,CN-105895,9,99.20358333,2.6,26.2007874,16.19,Rosthern,2017
38,CN-105895,9,99.20358333,2.6,26.2007874,16.19,Rosthern,2017
38,CN-105895,9,99.20358333,2.6,26.2007874,16.19,Rosthern,2017
39,CN-106265,9,99.20358333,2.6,27.81666667,16.19,Rosthern,2017
39,CN-106265,8,90.732125,2.6,27.81666667,16.19,Rosthern,2017
39,CN-106265,9,99.20358333,2.6,27.81666667,16.19,Rosthern,2017
40,CN-108369,9,99.20358333,2.6,52.10629921,16.19,Rosthern,2017
40,CN-108369,10,107.8733333,2.6,52.10629921,16.24,Rosthern,2017
40,CN-108369,10,107.8733333,2.6,52.10629921,16.24,Rosthern,2017
41,CN-108370,10,107.8733333,2.6,21.20218579,16.24,Rosthern,2017
41,CN-108370,10,107.8733333,2.6,21.20218579,16.24,Rosthern,2017
41,CN-108370,10,107.8733333,2.6,21.20218579,16.24,Rosthern,2017
42,Crimson,10,107.8733333,2.6,29.12396694,16.24,Rosthern,2017
42,Crimson,9,99.20358333,2.6,29.12396694,16.19,Rosthern,2017
42,Crimson,9,99.20358333,2.6,29.12396694,16.19,Rosthern,2017
43,DPL-62,9,99.20358333,2.6,39.23809524,16.19,Rosthern,2017
43,DPL-62,9,99.20358333,2.6,39.23809524,16.19,Rosthern,2017
43,DPL-62,9,99.20358333,2.6,39.23809524,16.19,Rosthern,2017
44,Eston,10,107.8733333,2.6,28.48428835,16.24,Rosthern,2017
44,Eston,10,107.8733333,2.6,28.48428835,16.24,Rosthern,2017
44,Eston,9,99.20358333,2.6,28.48428835,16.19,Rosthern,2017
45,GUDO,8,90.732125,2.6,37.19924812,16.19,Rosthern,2017
45,GUDO,10,107.8733333,2.6,37.19924812,16.24,Rosthern,2017
45,GUDO,10,107.8733333,2.6,37.19924812,16.24,Rosthern,2017
46,IG-1046,10,107.8733333,2.6,22.67857143,16.24,Rosthern,2017
46,IG-1046,9,99.20358333,2.6,22.67857143,16.19,Rosthern,2017
46,IG-1046,9,99.20358333,2.6,22.67857143,16.19,Rosthern,2017
47,IG-1706,9,99.20358333,2.6,20.61983471,16.19,Rosthern,2017
47,IG-1706,9,99.20358333,2.6,20.61983471,16.19,Rosthern,2017
47,IG-1706,9,99.20358333,2.6,20.61983471,16.19,Rosthern,2017
48,IG-1959,9,99.20358333,2.6,36.06299213,16.19,Rosthern,2017
48,IG-1959,9,99.20358333,2.6,36.06299213,16.19,Rosthern,2017
48,IG-1959,8,90.732125,2.6,36.06299213,16.19,Rosthern,2017
49,IG-4258,10,107.8733333,2.6,23.2046332,16.24,Rosthern,2017
49,IG-4258,10,107.8733333,2.6,23.2046332,16.24,Rosthern,2017
49,IG-4258,10,107.8733333,2.6,23.2046332,16.24,Rosthern,2017
50,IG-4781,9,99.20358333,2.6,36.95488722,16.19,Rosthern,2017
50,IG-4781,10,107.8733333,2.6,36.95488722,16.24,Rosthern,2017
50,IG-4781,9,99.20358333,2.6,36.95488722,16.19,Rosthern,2017
51,IG-858,9,99.20358333,2.6,30.76470588,16.19,Rosthern,2017
51,IG-858,9,99.20358333,2.6,30.76470588,16.19,Rosthern,2017
51,IG-858,9,99.20358333,2.6,30.76470588,16.19,Rosthern,2017
52,ILL-10657,9,99.20358333,2.6,40.04115226,16.19,Rosthern,2017
52,ILL-10657,10,107.8733333,2.6,40.04115226,16.24,Rosthern,2017
52,ILL-10657,9,99.20358333,2.6,40.04115226,16.19,Rosthern,2017
53,ILL-10748,9,99.20358333,2.6,54.07002188,16.19,Rosthern,2017
53,ILL-10748,9,99.20358333,2.6,54.07002188,16.19,Rosthern,2017
53,ILL-10748,10,107.8733333,2.6,54.07002188,16.24,Rosthern,2017
54,ILL-11547,10,107.8733333,2.6,32.75,16.24,Rosthern,2017
54,ILL-11547,9,99.20358333,2.6,32.75,16.19,Rosthern,2017
54,ILL-11547,9,99.20358333,2.6,32.75,16.19,Rosthern,2017
55,ILL-11548,9,99.20358333,2.6,32.40150094,16.19,Rosthern,2017
55,ILL-11548,10,107.8733333,2.6,32.40150094,16.24,Rosthern,2017
55,ILL-11548,9,99.20358333,2.6,32.40150094,16.19,Rosthern,2017
56,ILL-11553,10,107.8733333,2.6,36.85823755,16.24,Rosthern,2017
56,ILL-11553,10,107.8733333,2.6,36.85823755,16.24,Rosthern,2017
56,ILL-11553,10,107.8733333,2.6,36.85823755,16.24,Rosthern,2017
57,ILL-11555,10,107.8733333,2.6,43.7037037,16.24,Rosthern,2017
57,ILL-11555,9,99.20358333,2.6,43.7037037,16.19,Rosthern,2017
57,ILL-11555,10,107.8733333,2.6,43.7037037,16.24,Rosthern,2017
58,ILL-11557,9,99.20358333,2.6,,16.19,Rosthern,2017
58,ILL-11557,10,107.8733333,2.6,,16.24,Rosthern,2017
58,ILL-11557,10,107.8733333,2.6,,16.24,Rosthern,2017
59,ILL-11558,9,99.20358333,2.6,33.98734177,16.19,Rosthern,2017
59,ILL-11558,10,107.8733333,2.6,33.98734177,16.24,Rosthern,2017
59,ILL-11558,9,99.20358333,2.6,33.98734177,16.19,Rosthern,2017
60,ILL-1220,9,99.20358333,2.6,42.19653179,16.19,Rosthern,2017
60,ILL-1220,9,99.20358333,2.6,42.19653179,16.19,Rosthern,2017
60,ILL-1220,10,107.8733333,2.6,42.19653179,16.24,Rosthern,2017
61,ILL-1553,8,90.732125,2.6,43.99246704,16.19,Rosthern,2017
61,ILL-1553,8,90.732125,2.6,43.99246704,16.19,Rosthern,2017
61,ILL-1553,9,99.20358333,2.6,43.99246704,16.19,Rosthern,2017
62,ILL-1762,9,99.20358333,2.6,23.75680581,16.19,Rosthern,2017
62,ILL-1762,10,107.8733333,2.6,23.75680581,16.24,Rosthern,2017
62,ILL-1762,10,107.8733333,2.6,23.75680581,16.24,Rosthern,2017
63,ILL-1983,10,107.8733333,2.6,24.47787611,16.24,Rosthern,2017
63,ILL-1983,10,107.8733333,2.6,24.47787611,16.24,Rosthern,2017
63,ILL-1983,11,116.26125,2.6,24.47787611,16.24,Rosthern,2017
64,ILL-213,10,107.8733333,2.6,24.20435511,16.24,Rosthern,2017
64,ILL-213,9,99.20358333,2.6,24.20435511,16.19,Rosthern,2017
64,ILL-213,9,99.20358333,2.6,24.20435511,16.19,Rosthern,2017
65,ILL-2194,9,99.20358333,2.6,33.18982387,16.19,Rosthern,2017
65,ILL-2194,8,90.732125,2.6,33.18982387,16.19,Rosthern,2017
65,ILL-2194,9,99.20358333,2.6,33.18982387,16.19,Rosthern,2017
66,PI-431893-LSP,9,99.20358333,2.6,22.02072539,16.19,Rosthern,2017
66,PI-431893-LSP,10,107.8733333,2.6,22.02072539,16.24,Rosthern,2017
66,PI-431893-LSP,9,99.20358333,2.6,22.02072539,16.19,Rosthern,2017
67,ILL-2507,10,107.8733333,2.6,25.72761194,16.24,Rosthern,2017
67,ILL-2507,11,116.26125,2.6,25.72761194,16.24,Rosthern,2017
67,ILL-2507,10,107.8733333,2.6,25.72761194,16.24,Rosthern,2017
68,ILL-2580,9,99.20358333,2.6,30.44401544,16.19,Rosthern,2017
68,ILL-2580,9,99.20358333,2.6,30.44401544,16.19,Rosthern,2017
68,ILL-2580,9,99.20358333,2.6,30.44401544,16.19,Rosthern,2017
69,ILL-28,9,99.20358333,2.6,61.36452242,16.19,Rosthern,2017
69,ILL-28,9,99.20358333,2.6,61.36452242,16.19,Rosthern,2017
69,ILL-28,9,99.20358333,2.6,61.36452242,16.19,Rosthern,2017
70,ILL-3025,11,116.26125,2.6,24.64480874,16.24,Rosthern,2017
70,ILL-3025,9,99.20358333,2.6,24.64480874,16.19,Rosthern,2017
70,ILL-3025,9,99.20358333,2.6,24.64480874,16.19,Rosthern,2017
71,ILL-313,10,107.8733333,2.6,33.87159533,16.24,Rosthern,2017
71,ILL-313,9,99.20358333,2.6,33.87159533,16.19,Rosthern,2017
71,ILL-313,9,99.20358333,2.6,33.87159533,16.19,Rosthern,2017
72,ILL-3347,9,99.20358333,2.6,24.59107807,16.19,Rosthern,2017
72,ILL-3347,10,107.8733333,2.6,24.59107807,16.24,Rosthern,2017
72,ILL-3347,11,116.26125,2.6,24.59107807,16.24,Rosthern,2017
73,ILL-358,9,99.20358333,2.6,32.95748614,16.19,Rosthern,2017
73,ILL-358,9,99.20358333,2.6,32.95748614,16.19,Rosthern,2017
73,ILL-358,10,107.8733333,2.6,32.95748614,16.24,Rosthern,2017
74,ILL-3597,10,107.8733333,2.6,24.5,16.24,Rosthern,2017
74,ILL-3597,10,107.8733333,2.6,24.5,16.24,Rosthern,2017
74,ILL-3597,10,107.8733333,2.6,24.5,16.24,Rosthern,2017
75,ILL-4164,10,107.8733333,2.6,32.68858801,16.24,Rosthern,2017
75,ILL-4164,10,107.8733333,2.6,32.68858801,16.24,Rosthern,2017
75,ILL-4164,10,107.8733333,2.6,32.68858801,16.24,Rosthern,2017
76,ILL-4400,9,99.20358333,2.6,47.9241517,16.19,Rosthern,2017
76,ILL-4400,9,99.20358333,2.6,47.9241517,16.19,Rosthern,2017
76,ILL-4400,10,107.8733333,2.6,47.9241517,16.24,Rosthern,2017
77,ILL-4605,9,99.20358333,2.6,48.52140078,16.19,Rosthern,2017
77,ILL-4605,10,107.8733333,2.6,48.52140078,16.24,Rosthern,2017
77,ILL-4605,8,90.732125,2.6,48.52140078,16.19,Rosthern,2017
78,ILL-4609,10,107.8733333,2.6,21.53119093,16.24,Rosthern,2017
78,ILL-4609,10,107.8733333,2.6,21.53119093,16.24,Rosthern,2017
78,ILL-4609,11,116.26125,2.6,21.53119093,16.24,Rosthern,2017
79,ILL-4665,9,99.20358333,2.6,60.22304833,16.19,Rosthern,2017
79,ILL-4665,8,90.732125,2.6,60.22304833,16.19,Rosthern,2017
79,ILL-4665,8,90.732125,2.6,60.22304833,16.19,Rosthern,2017
80,ILL-4671,9,99.20358333,2.6,60.41353383,16.19,Rosthern,2017
80,ILL-4671,10,107.8733333,2.6,60.41353383,16.24,Rosthern,2017
80,ILL-4671,9,99.20358333,2.6,60.41353383,16.19,Rosthern,2017
81,ILL-4768,9,99.20358333,2.6,29.21153846,16.19,Rosthern,2017
81,ILL-4768,8,90.732125,2.6,29.21153846,16.19,Rosthern,2017
81,ILL-4768,9,99.20358333,2.6,29.21153846,16.19,Rosthern,2017
82,ILL-4782,10,107.8733333,2.6,29.96108949,16.24,Rosthern,2017
82,ILL-4782,10,107.8733333,2.6,29.96108949,16.24,Rosthern,2017
82,ILL-4782,8,90.732125,2.6,29.96108949,16.19,Rosthern,2017
83,ILL-4783,8,90.732125,2.6,54.01515152,16.19,Rosthern,2017
83,ILL-4783,8,90.732125,2.6,54.01515152,16.19,Rosthern,2017
83,ILL-4783,8,90.732125,2.6,54.01515152,16.19,Rosthern,2017
84,ILL-4804,10,107.8733333,2.6,23.22772277,16.24,Rosthern,2017
84,ILL-4804,10,107.8733333,2.6,23.22772277,16.24,Rosthern,2017
84,ILL-4804,10,107.8733333,2.6,23.22772277,16.24,Rosthern,2017
85,ILL-4875,9,99.20358333,2.6,23.0206379,16.19,Rosthern,2017
85,ILL-4875,9,99.20358333,2.6,23.0206379,16.19,Rosthern,2017
85,ILL-4875,10,107.8733333,2.6,23.0206379,16.24,Rosthern,2017
86,ILL-4956,10,107.8733333,2.6,28.92857143,16.24,Rosthern,2017
86,ILL-4956,9,99.20358333,2.6,28.92857143,16.19,Rosthern,2017
86,ILL-4956,9,99.20358333,2.6,28.92857143,16.19,Rosthern,2017
87,ILL-5058,10,107.8733333,2.6,56.82302772,16.24,Rosthern,2017
87,ILL-5058,10,107.8733333,2.6,56.82302772,16.24,Rosthern,2017
87,ILL-5058,10,107.8733333,2.6,56.82302772,16.24,Rosthern,2017
88,ILL-5151,10,107.8733333,2.6,23.94444444,16.24,Rosthern,2017
88,ILL-5151,10,107.8733333,2.6,23.94444444,16.24,Rosthern,2017
88,ILL-5151,9,99.20358333,2.6,23.94444444,16.19,Rosthern,2017
89,ILL-5209,9,99.20358333,2.6,30.98039216,16.19,Rosthern,2017
89,ILL-5209,9,99.20358333,2.6,30.98039216,16.19,Rosthern,2017
89,ILL-5209,10,107.8733333,2.6,30.98039216,16.24,Rosthern,2017
90,ILL-5480,9,99.20358333,2.6,35.35294118,16.19,Rosthern,2017
90,ILL-5480,9,99.20358333,2.6,35.35294118,16.19,Rosthern,2017
90,ILL-5480,9,99.20358333,2.6,35.35294118,16.19,Rosthern,2017
91,ILL-5639,10,107.8733333,2.6,27.97127469,16.24,Rosthern,2017
91,ILL-5639,10,107.8733333,2.6,27.97127469,16.24,Rosthern,2017
91,ILL-5639,9,99.20358333,2.6,27.97127469,16.19,Rosthern,2017
92,ILL-5722,9,99.20358333,2.6,41.18243243,16.19,Rosthern,2017
92,ILL-5722,8,90.732125,2.6,41.18243243,16.19,Rosthern,2017
92,ILL-5722,10,107.8733333,2.6,41.18243243,16.24,Rosthern,2017
93,ILL-5883,9,99.20358333,2.6,35.88235294,16.19,Rosthern,2017
93,ILL-5883,9,99.20358333,2.6,35.88235294,16.19,Rosthern,2017
93,ILL-5883,10,107.8733333,2.6,35.88235294,16.24,Rosthern,2017
94,ILL-5888,10,107.8733333,2.6,,16.24,Rosthern,2017
94,ILL-5888,9,99.20358333,2.6,,16.19,Rosthern,2017
94,ILL-5888,9,99.20358333,2.6,,16.19,Rosthern,2017
95,ILL-5945,9,99.20358333,2.6,29.93562232,16.19,Rosthern,2017
95,ILL-5945,9,99.20358333,2.6,29.93562232,16.19,Rosthern,2017
95,ILL-5945,10,107.8733333,2.6,29.93562232,16.24,Rosthern,2017
96,ILL-6002,9,99.20358333,2.6,42.29752066,16.19,Rosthern,2017
96,ILL-6002,9,99.20358333,2.6,42.29752066,16.19,Rosthern,2017
96,ILL-6002,10,107.8733333,2.6,42.29752066,16.24,Rosthern,2017
97,ILL-618,9,99.20358333,2.6,21.41284404,16.19,Rosthern,2017
97,ILL-618,9,99.20358333,2.6,21.41284404,16.19,Rosthern,2017
97,ILL-618,9,99.20358333,2.6,21.41284404,16.19,Rosthern,2017
98,ILL-6182,9,99.20358333,2.6,21.15044248,16.19,Rosthern,2017
98,ILL-6182,9,99.20358333,2.6,21.15044248,16.19,Rosthern,2017
98,ILL-6182,10,107.8733333,2.6,21.15044248,16.24,Rosthern,2017
99,ILL-6211,9,99.20358333,2.6,46.69980119,16.19,Rosthern,2017
99,ILL-6211,9,99.20358333,2.6,46.69980119,16.19,Rosthern,2017
99,ILL-6211,9,99.20358333,2.6,46.69980119,16.19,Rosthern,2017
100,ILL-624,9,99.20358333,2.6,25.43925234,16.19,Rosthern,2017
100,ILL-624,9,99.20358333,2.6,25.43925234,16.19,Rosthern,2017
100,ILL-624,10,107.8733333,2.6,25.43925234,16.24,Rosthern,2017
101,ILL-6821,10,107.8733333,2.6,28.20466786,16.24,Rosthern,2017
101,ILL-6821,9,99.20358333,2.6,28.20466786,16.19,Rosthern,2017
101,ILL-6821,11,116.26125,2.6,28.20466786,16.24,Rosthern,2017
102,ILL-6853,10,107.8733333,2.6,,16.24,Rosthern,2017
102,ILL-6853,9,99.20358333,2.6,,16.19,Rosthern,2017
102,ILL-6853,9,99.20358333,2.6,,16.19,Rosthern,2017
103,ILL-7089,9,99.20358333,2.6,40.48417132,16.19,Rosthern,2017
103,ILL-7089,10,107.8733333,2.6,40.48417132,16.24,Rosthern,2017
103,ILL-7089,8,90.732125,2.6,40.48417132,16.19,Rosthern,2017
104,ILL-7558,10,107.8733333,2.6,49.67320261,16.24,Rosthern,2017
104,ILL-7558,9,99.20358333,2.6,49.67320261,16.19,Rosthern,2017
104,ILL-7558,9,99.20358333,2.6,49.67320261,16.19,Rosthern,2017
105,ILL-7663,9,99.20358333,2.6,39.79591837,16.19,Rosthern,2017
105,ILL-7663,10,107.8733333,2.6,39.79591837,16.24,Rosthern,2017
105,ILL-7663,9,99.20358333,2.6,39.79591837,16.19,Rosthern,2017
106,ILL-7668,9,99.20358333,2.6,31.29353234,16.19,Rosthern,2017
106,ILL-7668,10,107.8733333,2.6,31.29353234,16.24,Rosthern,2017
106,ILL-7668,9,99.20358333,2.6,31.29353234,16.19,Rosthern,2017
107,ILL-7716,8,90.732125,2.6,52.5,16.19,Rosthern,2017
107,ILL-7716,9,99.20358333,2.6,52.5,16.19,Rosthern,2017
107,ILL-7716,8,90.732125,2.6,52.5,16.19,Rosthern,2017
108,ILL-7747,10,107.8733333,2.6,25.9566075,16.24,Rosthern,2017
108,ILL-7747,10,107.8733333,2.6,25.9566075,16.24,Rosthern,2017
108,ILL-7747,11,116.26125,2.6,25.9566075,16.24,Rosthern,2017
109,ILL-7946,9,99.20358333,2.6,32.95964126,16.19,Rosthern,2017
109,ILL-7946,10,107.8733333,2.6,32.95964126,16.24,Rosthern,2017
109,ILL-7946,10,107.8733333,2.6,32.95964126,16.24,Rosthern,2017
110,ILL-7978,9,99.20358333,2.6,49.53488372,16.19,Rosthern,2017
110,ILL-7978,9,99.20358333,2.6,49.53488372,16.19,Rosthern,2017
110,ILL-7978,9,99.20358333,2.6,49.53488372,16.19,Rosthern,2017
111,ILL-7979,9,99.20358333,2.6,26.5630713,16.19,Rosthern,2017
111,ILL-7979,10,107.8733333,2.6,26.5630713,16.24,Rosthern,2017
111,ILL-7979,9,99.20358333,2.6,26.5630713,16.19,Rosthern,2017
112,ILL-8007,11,116.26125,2.6,23.33958724,16.24,Rosthern,2017
112,ILL-8007,10,107.8733333,2.6,23.33958724,16.24,Rosthern,2017
112,ILL-8007,10,107.8733333,2.6,23.33958724,16.24,Rosthern,2017
113,ILL-8009,9,99.20358333,2.6,23.37522442,16.19,Rosthern,2017
113,ILL-8009,9,99.20358333,2.6,23.37522442,16.19,Rosthern,2017
113,ILL-8009,10,107.8733333,2.6,23.37522442,16.24,Rosthern,2017
114,ILL-8010,10,107.8733333,2.6,25.29010239,16.24,Rosthern,2017
114,ILL-8010,11,116.26125,2.6,25.29010239,16.24,Rosthern,2017
114,ILL-8010,10,107.8733333,2.6,25.29010239,16.24,Rosthern,2017
115,ILL-8072,10,107.8733333,2.6,56.06451613,16.24,Rosthern,2017
115,ILL-8072,9,99.20358333,2.6,56.06451613,16.19,Rosthern,2017
115,ILL-8072,9,99.20358333,2.6,56.06451613,16.19,Rosthern,2017
116,ILL-8174,9,99.20358333,2.6,55.353902,16.19,Rosthern,2017
116,ILL-8174,10,107.8733333,2.6,55.353902,16.24,Rosthern,2017
116,ILL-8174,10,107.8733333,2.6,55.353902,16.24,Rosthern,2017
117,ILL-8595,10,107.8733333,2.6,45.05338078,16.24,Rosthern,2017
117,ILL-8595,9,99.20358333,2.6,45.05338078,16.19,Rosthern,2017
117,ILL-8595,9,99.20358333,2.6,45.05338078,16.19,Rosthern,2017
118,ILL-9,9,99.20358333,2.6,43.0134357,16.19,Rosthern,2017
118,ILL-9,10,107.8733333,2.6,43.0134357,16.24,Rosthern,2017
118,ILL-9,9,99.20358333,2.6,43.0134357,16.19,Rosthern,2017
119,ILL-975,11,116.26125,2.6,30.03802281,16.24,Rosthern,2017
119,ILL-975,9,99.20358333,2.6,30.03802281,16.19,Rosthern,2017
119,ILL-975,10,107.8733333,2.6,30.03802281,16.24,Rosthern,2017
120,ILL-9888,10,107.8733333,2.6,25.06042296,16.24,Rosthern,2017
120,ILL-9888,9,99.20358333,2.6,25.06042296,16.19,Rosthern,2017
120,ILL-9888,10,107.8733333,2.6,25.06042296,16.24,Rosthern,2017
121,ILL-9932,10,107.8733333,2.6,26.71206226,16.24,Rosthern,2017
121,ILL-9932,10,107.8733333,2.6,26.71206226,16.24,Rosthern,2017
121,ILL-9932,10,107.8733333,2.6,26.71206226,16.24,Rosthern,2017
122,ILL-9945,9,99.20358333,2.6,32.70909091,16.19,Rosthern,2017
122,ILL-9945,9,99.20358333,2.6,32.70909091,16.19,Rosthern,2017
122,ILL-9945,9,99.20358333,2.6,32.70909091,16.19,Rosthern,2017
123,ILL-9977,10,107.8733333,2.6,28.97959184,16.24,Rosthern,2017
123,ILL-9977,9,99.20358333,2.6,28.97959184,16.19,Rosthern,2017
123,ILL-9977,10,107.8733333,2.6,28.97959184,16.24,Rosthern,2017
124,ILL-9997,10,107.8733333,2.6,40.3539823,16.24,Rosthern,2017
124,ILL-9997,10,107.8733333,2.6,40.3539823,16.24,Rosthern,2017
124,ILL-9997,10,107.8733333,2.6,40.3539823,16.24,Rosthern,2017
125,ILWL-118,10,107.8733333,2.6,31.77387914,16.24,Rosthern,2017
125,ILWL-118,11,116.26125,2.6,31.77387914,16.24,Rosthern,2017
125,ILWL-118,10,107.8733333,2.6,31.77387914,16.24,Rosthern,2017
126,Indian-Head,9,99.20358333,2.6,16.88888889,16.19,Rosthern,2017
126,Indian-Head,10,107.8733333,2.6,16.88888889,16.24,Rosthern,2017
126,Indian-Head,10,107.8733333,2.6,16.88888889,16.24,Rosthern,2017
127,IPL-220,10,107.8733333,2.6,29.01256732,16.24,Rosthern,2017
127,IPL-220,9,99.20358333,2.6,29.01256732,16.19,Rosthern,2017
127,IPL-220,10,107.8733333,2.6,29.01256732,16.24,Rosthern,2017
128,Laird,8,90.732125,2.6,58.92655367,16.19,Rosthern,2017
128,Laird,9,99.20358333,2.6,58.92655367,16.19,Rosthern,2017
128,Laird,9,99.20358333,2.6,58.92655367,16.19,Rosthern,2017
129,LIRL-22-46,9,99.20358333,2.6,34.21663443,16.19,Rosthern,2017
129,LIRL-22-46,9,99.20358333,2.6,34.21663443,16.19,Rosthern,2017
129,LIRL-22-46,9,99.20358333,2.6,34.21663443,16.19,Rosthern,2017
130,PI-163589,10,107.8733333,2.6,48.57407407,16.24,Rosthern,2017
130,PI-163589,10,107.8733333,2.6,48.57407407,16.24,Rosthern,2017
130,PI-163589,10,107.8733333,2.6,48.57407407,16.24,Rosthern,2017
131,PI-169534-LSP,10,107.8733333,2.6,20.85227273,16.24,Rosthern,2017
131,PI-169534-LSP,10,107.8733333,2.6,20.85227273,16.24,Rosthern,2017
131,PI-169534-LSP,10,107.8733333,2.6,20.85227273,16.24,Rosthern,2017
132,PI-175754-LSP,8,90.732125,2.6,38.62403101,16.19,Rosthern,2017
132,PI-175754-LSP,9,99.20358333,2.6,38.62403101,16.19,Rosthern,2017
132,PI-175754-LSP,8,90.732125,2.6,38.62403101,16.19,Rosthern,2017
133,PI-177430-LSP,9,99.20358333,2.6,31.08695652,16.19,Rosthern,2017
133,PI-177430-LSP,9,99.20358333,2.6,31.08695652,16.19,Rosthern,2017
133,PI-177430-LSP,10,107.8733333,2.6,31.08695652,16.24,Rosthern,2017
134,PI-178939-LSP,10,107.8733333,2.6,25.93283582,16.24,Rosthern,2017
134,PI-178939-LSP,9,99.20358333,2.6,25.93283582,16.19,Rosthern,2017
134,PI-178939-LSP,9,99.20358333,2.6,25.93283582,16.19,Rosthern,2017
135,PI-178952,9,99.20358333,2.6,28.31192661,16.19,Rosthern,2017
135,PI-178952,9,99.20358333,2.6,28.31192661,16.19,Rosthern,2017
135,PI-178952,9,99.20358333,2.6,28.31192661,16.19,Rosthern,2017
136,PI-178971-LSP,10,107.8733333,2.6,21.13553114,16.24,Rosthern,2017
136,PI-178971-LSP,9,99.20358333,2.6,21.13553114,16.19,Rosthern,2017
136,PI-178971-LSP,9,99.20358333,2.6,21.13553114,16.19,Rosthern,2017
137,PI-179324-LSP,10,107.8733333,2.6,32.08981002,16.24,Rosthern,2017
137,PI-179324-LSP,10,107.8733333,2.6,32.08981002,16.24,Rosthern,2017
137,PI-179324-LSP,10,107.8733333,2.6,32.08981002,16.24,Rosthern,2017
138,PI-179330,8,90.732125,2.6,46.10603291,16.19,Rosthern,2017
138,PI-179330,9,99.20358333,2.6,46.10603291,16.19,Rosthern,2017
138,PI-179330,9,99.20358333,2.6,46.10603291,16.19,Rosthern,2017
139,PI-181771-LSP,10,107.8733333,2.6,22.23856209,16.24,Rosthern,2017
139,PI-181771-LSP,9,99.20358333,2.6,22.23856209,16.19,Rosthern,2017
139,PI-181771-LSP,9,99.20358333,2.6,22.23856209,16.19,Rosthern,2017
140,PI-181886-LSP,9,99.20358333,2.6,56.26185958,16.19,Rosthern,2017
140,PI-181886-LSP,9,99.20358333,2.6,56.26185958,16.19,Rosthern,2017
140,PI-181886-LSP,9,99.20358333,2.6,56.26185958,16.19,Rosthern,2017
141,PI-182217-LSP,9,99.20358333,2.6,28.61471861,16.19,Rosthern,2017
141,PI-182217-LSP,10,107.8733333,2.6,28.61471861,16.24,Rosthern,2017
141,PI-182217-LSP,10,107.8733333,2.6,28.61471861,16.24,Rosthern,2017
142,PI-193546,10,107.8733333,2.6,25.82574772,16.24,Rosthern,2017
142,PI-193546,10,107.8733333,2.6,25.82574772,16.24,Rosthern,2017
142,PI-193546,10,107.8733333,2.6,25.82574772,16.24,Rosthern,2017
143,PI-193547-LSP,10,107.8733333,2.6,23.64806867,16.24,Rosthern,2017
143,PI-193547-LSP,9,99.20358333,2.6,23.64806867,16.19,Rosthern,2017
143,PI-193547-LSP,10,107.8733333,2.6,23.64806867,16.24,Rosthern,2017
144,PI-193548-LSP,11,116.26125,2.6,28.61471861,16.24,Rosthern,2017
144,PI-193548-LSP,9,99.20358333,2.6,28.61471861,16.19,Rosthern,2017
144,PI-193548-LSP,9,99.20358333,2.6,28.61471861,16.19,Rosthern,2017
145,PI-193550,9,99.20358333,2.6,26.47834275,16.19,Rosthern,2017
145,PI-193550,9,99.20358333,2.6,26.47834275,16.19,Rosthern,2017
145,PI-193550,9,99.20358333,2.6,26.47834275,16.19,Rosthern,2017
146,PI-207492-LSP,9,99.20358333,2.6,20.23076923,16.19,Rosthern,2017
146,PI-207492-LSP,9,99.20358333,2.6,20.23076923,16.19,Rosthern,2017
146,PI-207492-LSP,10,107.8733333,2.6,20.23076923,16.24,Rosthern,2017
147,PI-518731-LSP,9,99.20358333,2.6,,16.19,Rosthern,2017
147,PI-518731-LSP,9,99.20358333,2.6,,16.19,Rosthern,2017
147,PI-518731-LSP,10,107.8733333,2.6,,16.24,Rosthern,2017
148,PI-209858-LSP,9,99.20358333,2.6,28.86861314,16.19,Rosthern,2017
148,PI-209858-LSP,10,107.8733333,2.6,28.86861314,16.24,Rosthern,2017
148,PI-209858-LSP,9,99.20358333,2.6,28.86861314,16.19,Rosthern,2017
149,PI-211052-LSP,9,99.20358333,2.6,21.88277087,16.19,Rosthern,2017
149,PI-211052-LSP,10,107.8733333,2.6,21.88277087,16.24,Rosthern,2017
149,PI-211052-LSP,10,107.8733333,2.6,21.88277087,16.24,Rosthern,2017
150,PI-212100-LSP,9,99.20358333,2.6,20.26936027,16.19,Rosthern,2017
150,PI-212100-LSP,9,99.20358333,2.6,20.26936027,16.19,Rosthern,2017
150,PI-212100-LSP,9,99.20358333,2.6,20.26936027,16.19,Rosthern,2017
151,PI-212610-LSP,10,107.8733333,2.6,20.10928962,16.24,Rosthern,2017
151,PI-212610-LSP,10,107.8733333,2.6,20.10928962,16.24,Rosthern,2017
151,PI-212610-LSP,9,99.20358333,2.6,20.10928962,16.19,Rosthern,2017
152,PI-217949-LSP,11,116.26125,2.6,18.71086556,16.24,Rosthern,2017
152,PI-217949-LSP,10,107.8733333,2.6,18.71086556,16.24,Rosthern,2017
152,PI-217949-LSP,10,107.8733333,2.6,18.71086556,16.24,Rosthern,2017
153,PI-238758-LSP,9,99.20358333,2.6,57.17514124,16.19,Rosthern,2017
153,PI-238758-LSP,9,99.20358333,2.6,57.17514124,16.19,Rosthern,2017
153,PI-238758-LSP,8,90.732125,2.6,57.17514124,16.19,Rosthern,2017
154,PI-244046,9,99.20358333,2.6,28.61646235,16.19,Rosthern,2017
154,PI-244046,9,99.20358333,2.6,28.61646235,16.19,Rosthern,2017
154,PI-244046,9,99.20358333,2.6,28.61646235,16.19,Rosthern,2017
155,PI-250156-LSP,10,107.8733333,2.6,22.33511586,16.24,Rosthern,2017
155,PI-250156-LSP,10,107.8733333,2.6,22.33511586,16.24,Rosthern,2017
155,PI-250156-LSP,10,107.8733333,2.6,22.33511586,16.24,Rosthern,2017
156,PI-250158-LSP,11,116.26125,2.6,23.76470588,16.24,Rosthern,2017
156,PI-250158-LSP,10,107.8733333,2.6,23.76470588,16.24,Rosthern,2017
156,PI-250158-LSP,10,107.8733333,2.6,23.76470588,16.24,Rosthern,2017
157,PI-251248-LSP,10,107.8733333,2.6,27.6284585,16.24,Rosthern,2017
157,PI-251248-LSP,8,90.732125,2.6,27.6284585,16.19,Rosthern,2017
157,PI-251248-LSP,8,90.732125,2.6,27.6284585,16.19,Rosthern,2017
158,PI-273664-LSP,9,99.20358333,2.6,21.8121911,16.19,Rosthern,2017
158,PI-273664-LSP,10,107.8733333,2.6,21.8121911,16.24,Rosthern,2017
158,PI-273664-LSP,10,107.8733333,2.6,21.8121911,16.24,Rosthern,2017
159,PI-280686,9,99.20358333,2.6,30,16.19,Rosthern,2017
159,PI-280686,9,99.20358333,2.6,30,16.19,Rosthern,2017
159,PI-280686,9,99.20358333,2.6,30,16.19,Rosthern,2017
160,PI-283604-LSP,9,99.20358333,2.6,53.73522459,16.19,Rosthern,2017
160,PI-283604-LSP,9,99.20358333,2.6,53.73522459,16.19,Rosthern,2017
160,PI-283604-LSP,9,99.20358333,2.6,53.73522459,16.19,Rosthern,2017
161,PI-289066,10,107.8733333,2.6,32.18978102,16.24,Rosthern,2017
161,PI-289066,9,99.20358333,2.6,32.18978102,16.19,Rosthern,2017
161,PI-289066,11,116.26125,2.6,32.18978102,16.24,Rosthern,2017
162,PI-289073-LSP,9,99.20358333,2.6,25.47348485,16.19,Rosthern,2017
162,PI-289073-LSP,9,99.20358333,2.6,25.47348485,16.19,Rosthern,2017
162,PI-289073-LSP,10,107.8733333,2.6,25.47348485,16.24,Rosthern,2017
163,PI-289079-LSP,9,99.20358333,2.6,27.27106227,16.19,Rosthern,2017
163,PI-289079-LSP,9,99.20358333,2.6,27.27106227,16.19,Rosthern,2017
163,PI-289079-LSP,9,99.20358333,2.6,27.27106227,16.19,Rosthern,2017
164,PI-290716-LSP,10,107.8733333,2.6,20.58727569,16.24,Rosthern,2017
164,PI-290716-LSP,8,90.732125,2.6,20.58727569,16.19,Rosthern,2017
164,PI-290716-LSP,9,99.20358333,2.6,20.58727569,16.19,Rosthern,2017
165,PI-297285-LSP,9,99.20358333,2.6,41.86640472,16.19,Rosthern,2017
165,PI-297285-LSP,9,99.20358333,2.6,41.86640472,16.19,Rosthern,2017
165,PI-297285-LSP,9,99.20358333,2.6,41.86640472,16.19,Rosthern,2017
166,PI-297287,9,99.20358333,2.6,58.31168831,16.19,Rosthern,2017
166,PI-297287,8,90.732125,2.6,58.31168831,16.19,Rosthern,2017
166,PI-297287,8,90.732125,2.6,58.31168831,16.19,Rosthern,2017
167,PI-297754-LSP,9,99.20358333,2.6,29.71235195,16.19,Rosthern,2017
167,PI-297754-LSP,9,99.20358333,2.6,29.71235195,16.19,Rosthern,2017
167,PI-297754-LSP,9,99.20358333,2.6,29.71235195,16.19,Rosthern,2017
168,PI-297767,10,107.8733333,2.6,74.20454545,16.24,Rosthern,2017
168,PI-297767,9,99.20358333,2.6,74.20454545,16.19,Rosthern,2017
168,PI-297767,10,107.8733333,2.6,74.20454545,16.24,Rosthern,2017
169,PI-297772-LSP,10,107.8733333,2.6,28.49884527,16.24,Rosthern,2017
169,PI-297772-LSP,11,116.26125,2.6,28.49884527,16.24,Rosthern,2017
169,PI-297772-LSP,10,107.8733333,2.6,28.49884527,16.24,Rosthern,2017
170,PI-297783,9,99.20358333,2.6,27.59562842,16.19,Rosthern,2017
170,PI-297783,10,107.8733333,2.6,27.59562842,16.24,Rosthern,2017
170,PI-297783,9,99.20358333,2.6,27.59562842,16.19,Rosthern,2017
171,PI-297787-LSP,10,107.8733333,2.6,23.16455696,16.24,Rosthern,2017
171,PI-297787-LSP,9,99.20358333,2.6,23.16455696,16.19,Rosthern,2017
171,PI-297787-LSP,9,99.20358333,2.6,23.16455696,16.19,Rosthern,2017
172,PI-298023-LSP,8,90.732125,2.6,,16.19,Rosthern,2017
172,PI-298023-LSP,8,90.732125,2.6,,16.19,Rosthern,2017
172,PI-298023-LSP,9,99.20358333,2.6,,16.19,Rosthern,2017
173,PI-298121-LSP,8,90.732125,2.6,30.21201413,16.19,Rosthern,2017
173,PI-298121-LSP,9,99.20358333,2.6,30.21201413,16.19,Rosthern,2017
173,PI-298121-LSP,8,90.732125,2.6,30.21201413,16.19,Rosthern,2017
174,PI-298122-LSP,9,99.20358333,2.6,26.28404669,16.19,Rosthern,2017
174,PI-298122-LSP,10,107.8733333,2.6,26.28404669,16.24,Rosthern,2017
174,PI-298122-LSP,9,99.20358333,2.6,26.28404669,16.19,Rosthern,2017
175,PI-298357-LSP,9,99.20358333,2.6,27.01720841,16.19,Rosthern,2017
175,PI-298357-LSP,9,99.20358333,2.6,27.01720841,16.19,Rosthern,2017
175,PI-298357-LSP,9,99.20358333,2.6,27.01720841,16.19,Rosthern,2017
176,PI-298631-LSP,9,99.20358333,2.6,67.04741379,16.19,Rosthern,2017
176,PI-298631-LSP,9,99.20358333,2.6,67.04741379,16.19,Rosthern,2017
176,PI-298631-LSP,9,99.20358333,2.6,67.04741379,16.19,Rosthern,2017
177,PI-298644-LSP,9,99.20358333,2.6,66.54244306,16.19,Rosthern,2017
177,PI-298644-LSP,10,107.8733333,2.6,66.54244306,16.24,Rosthern,2017
177,PI-298644-LSP,10,107.8733333,2.6,66.54244306,16.24,Rosthern,2017
178,PI-298645,9,99.20358333,2.6,39.92920354,16.19,Rosthern,2017
178,PI-298645,9,99.20358333,2.6,39.92920354,16.19,Rosthern,2017
178,PI-298645,9,99.20358333,2.6,39.92920354,16.19,Rosthern,2017
179,PI-298921,10,107.8733333,2.6,60.50314465,16.24,Rosthern,2017
179,PI-298921,10,107.8733333,2.6,60.50314465,16.24,Rosthern,2017
179,PI-298921,11,116.26125,2.6,60.50314465,16.24,Rosthern,2017
180,PI-298922-LSP,8,90.732125,2.6,21.27340824,16.19,Rosthern,2017
180,PI-298922-LSP,10,107.8733333,2.6,21.27340824,16.24,Rosthern,2017
180,PI-298922-LSP,10,107.8733333,2.6,21.27340824,16.24,Rosthern,2017
181,PI-298923-LSP,8,90.732125,2.6,,16.19,Rosthern,2017
181,PI-298923-LSP,9,99.20358333,2.6,,16.19,Rosthern,2017
181,PI-298923-LSP,9,99.20358333,2.6,,16.19,Rosthern,2017
182,PI-299116-LSP,11,116.26125,2.6,25.83044983,16.24,Rosthern,2017
182,PI-299116-LSP,10,107.8733333,2.6,25.83044983,16.24,Rosthern,2017
182,PI-299116-LSP,10,107.8733333,2.6,25.83044983,16.24,Rosthern,2017
183,PI-299120-LSP,10,107.8733333,2.6,29.06309751,16.24,Rosthern,2017
183,PI-299120-LSP,10,107.8733333,2.6,29.06309751,16.24,Rosthern,2017
183,PI-299120-LSP,9,99.20358333,2.6,29.06309751,16.19,Rosthern,2017
184,PI-299121-LSP,9,99.20358333,2.6,32.87719298,16.19,Rosthern,2017
184,PI-299121-LSP,10,107.8733333,2.6,32.87719298,16.24,Rosthern,2017
184,PI-299121-LSP,9,99.20358333,2.6,32.87719298,16.19,Rosthern,2017
185,PI-299126-LSP,9,99.20358333,2.6,33.58792185,16.19,Rosthern,2017
185,PI-299126-LSP,9,99.20358333,2.6,33.58792185,16.19,Rosthern,2017
185,PI-299126-LSP,9,99.20358333,2.6,33.58792185,16.19,Rosthern,2017
186,PI-299163-LSP,10,107.8733333,2.6,63.1358885,16.24,Rosthern,2017
186,PI-299163-LSP,10,107.8733333,2.6,63.1358885,16.24,Rosthern,2017
186,PI-299163-LSP,9,99.20358333,2.6,63.1358885,16.19,Rosthern,2017
187,PI-299164-LSP,9,99.20358333,2.6,52.91754757,16.19,Rosthern,2017
187,PI-299164-LSP,8,90.732125,2.6,52.91754757,16.19,Rosthern,2017
187,PI-299164-LSP,9,99.20358333,2.6,52.91754757,16.19,Rosthern,2017
188,PI-299165,10,107.8733333,2.6,54.75265018,16.24,Rosthern,2017
188,PI-299165,9,99.20358333,2.6,54.75265018,16.19,Rosthern,2017
188,PI-299165,9,99.20358333,2.6,54.75265018,16.19,Rosthern,2017
189,PI-299177-LSP,10,107.8733333,2.6,48.41085271,16.24,Rosthern,2017
189,PI-299177-LSP,9,99.20358333,2.6,48.41085271,16.19,Rosthern,2017
189,PI-299177-LSP,9,99.20358333,2.6,48.41085271,16.19,Rosthern,2017
190,PI-299237-LSP,8,90.732125,2.6,34.87523992,16.19,Rosthern,2017
190,PI-299237-LSP,8,90.732125,2.6,34.87523992,16.19,Rosthern,2017
190,PI-299237-LSP,9,99.20358333,2.6,34.87523992,16.19,Rosthern,2017
191,PI-299289,9,99.20358333,2.6,42.64972777,16.19,Rosthern,2017
191,PI-299289,9,99.20358333,2.6,42.64972777,16.19,Rosthern,2017
191,PI-299289,9,99.20358333,2.6,42.64972777,16.19,Rosthern,2017
192,PI-299312,9,99.20358333,2.6,70.23255814,16.19,Rosthern,2017
192,PI-299312,8,90.732125,2.6,70.23255814,16.19,Rosthern,2017
192,PI-299312,10,107.8733333,2.6,70.23255814,16.24,Rosthern,2017
193,PI-299345,10,107.8733333,2.6,63.44642857,16.24,Rosthern,2017
193,PI-299345,8,90.732125,2.6,63.44642857,16.19,Rosthern,2017
193,PI-299345,9,99.20358333,2.6,63.44642857,16.19,Rosthern,2017
194,PI-299351-LSP,9,99.20358333,2.6,27.66791045,16.19,Rosthern,2017
194,PI-299351-LSP,9,99.20358333,2.6,27.66791045,16.19,Rosthern,2017
194,PI-299351-LSP,8,90.732125,2.6,27.66791045,16.19,Rosthern,2017
195,PI-299366-LSP,10,107.8733333,2.6,42.37642586,16.24,Rosthern,2017
195,PI-299366-LSP,10,107.8733333,2.6,42.37642586,16.24,Rosthern,2017
195,PI-299366-LSP,8,90.732125,2.6,42.37642586,16.19,Rosthern,2017
196,PI-299375-LSP,9,99.20358333,2.6,70.23255814,16.19,Rosthern,2017
196,PI-299375-LSP,9,99.20358333,2.6,70.23255814,16.19,Rosthern,2017
196,PI-299375-LSP,8,90.732125,2.6,70.23255814,16.19,Rosthern,2017
197,PI-300250-LSP,10,107.8733333,2.6,26.06237817,16.24,Rosthern,2017
197,PI-300250-LSP,10,107.8733333,2.6,26.06237817,16.24,Rosthern,2017
197,PI-300250-LSP,9,99.20358333,2.6,26.06237817,16.19,Rosthern,2017
198,PI-302398-LSP,9,99.20358333,2.6,53.56435644,16.19,Rosthern,2017
198,PI-302398-LSP,10,107.8733333,2.6,53.56435644,16.24,Rosthern,2017
198,PI-302398-LSP,10,107.8733333,2.6,53.56435644,16.24,Rosthern,2017
199,PI-308614-LSP,10,107.8733333,2.6,28.70855148,16.24,Rosthern,2017
199,PI-308614-LSP,10,107.8733333,2.6,28.70855148,16.24,Rosthern,2017
199,PI-308614-LSP,10,107.8733333,2.6,28.70855148,16.24,Rosthern,2017
200,PI-311107-LSP,11,116.26125,2.6,40.15503876,16.24,Rosthern,2017
200,PI-311107-LSP,10,107.8733333,2.6,40.15503876,16.24,Rosthern,2017
200,PI-311107-LSP,10,107.8733333,2.6,40.15503876,16.24,Rosthern,2017
201,PI-312175-LSP,9,99.20358333,2.6,23.00429185,16.19,Rosthern,2017
201,PI-312175-LSP,10,107.8733333,2.6,23.00429185,16.24,Rosthern,2017
201,PI-312175-LSP,9,99.20358333,2.6,23.00429185,16.19,Rosthern,2017
202,PI-320935-LSP,9,99.20358333,2.6,37.9472693,16.19,Rosthern,2017
202,PI-320935-LSP,9,99.20358333,2.6,37.9472693,16.19,Rosthern,2017
202,PI-320935-LSP,10,107.8733333,2.6,37.9472693,16.24,Rosthern,2017
203,PI-320936-LSP,9,99.20358333,2.6,21.8011257,16.19,Rosthern,2017
203,PI-320936-LSP,9,99.20358333,2.6,21.8011257,16.19,Rosthern,2017
203,PI-320936-LSP,9,99.20358333,2.6,21.8011257,16.19,Rosthern,2017
204,PI-320937-LSP,9,99.20358333,2.6,21.44499179,16.19,Rosthern,2017
204,PI-320937-LSP,9,99.20358333,2.6,21.44499179,16.19,Rosthern,2017
204,PI-320937-LSP,10,107.8733333,2.6,21.44499179,16.24,Rosthern,2017
205,CN-105866,10,107.8733333,2.6,,16.24,Rosthern,2017
205,CN-105866,9,99.20358333,2.6,,16.19,Rosthern,2017
205,CN-105866,10,107.8733333,2.6,,16.24,Rosthern,2017
206,PI-320941-LSP,9,99.20358333,2.6,24.52614379,16.19,Rosthern,2017
206,PI-320941-LSP,9,99.20358333,2.6,24.52614379,16.19,Rosthern,2017
206,PI-320941-LSP,9,99.20358333,2.6,24.52614379,16.19,Rosthern,2017
207,PI-320945-LSP,10,107.8733333,2.6,31.76366843,16.24,Rosthern,2017
207,PI-320945-LSP,10,107.8733333,2.6,31.76366843,16.24,Rosthern,2017
207,PI-320945-LSP,10,107.8733333,2.6,31.76366843,16.24,Rosthern,2017
208,PI-320946-LSP,9,99.20358333,2.6,31.92607004,16.19,Rosthern,2017
208,PI-320946-LSP,10,107.8733333,2.6,31.92607004,16.24,Rosthern,2017
208,PI-320946-LSP,9,99.20358333,2.6,31.92607004,16.19,Rosthern,2017
209,PI-320952-LSP,10,107.8733333,2.6,16.15238095,16.24,Rosthern,2017
209,PI-320952-LSP,10,107.8733333,2.6,16.15238095,16.24,Rosthern,2017
209,PI-320952-LSP,10,107.8733333,2.6,16.15238095,16.24,Rosthern,2017
210,PI-320953-LSP,9,99.20358333,2.6,20.32319392,16.19,Rosthern,2017
210,PI-320953-LSP,10,107.8733333,2.6,20.32319392,16.24,Rosthern,2017
210,PI-320953-LSP,10,107.8733333,2.6,20.32319392,16.24,Rosthern,2017
211,PI-320954-LSP,9,99.20358333,2.6,31.98915009,16.19,Rosthern,2017
211,PI-320954-LSP,9,99.20358333,2.6,31.98915009,16.19,Rosthern,2017
211,PI-320954-LSP,10,107.8733333,2.6,31.98915009,16.24,Rosthern,2017
212,PI-329157-LSP,10,107.8733333,2.6,35.70621469,16.24,Rosthern,2017
212,PI-329157-LSP,10,107.8733333,2.6,35.70621469,16.24,Rosthern,2017
212,PI-329157-LSP,8,90.732125,2.6,35.70621469,16.19,Rosthern,2017
213,PI-329167-LSP,9,99.20358333,2.6,48.43444227,16.19,Rosthern,2017
213,PI-329167-LSP,9,99.20358333,2.6,48.43444227,16.19,Rosthern,2017
213,PI-329167-LSP,9,99.20358333,2.6,48.43444227,16.19,Rosthern,2017
214,PI-339266-LSP,9,99.20358333,2.6,57.20754717,16.19,Rosthern,2017
214,PI-339266-LSP,10,107.8733333,2.6,57.20754717,16.24,Rosthern,2017
214,PI-339266-LSP,9,99.20358333,2.6,57.20754717,16.19,Rosthern,2017
215,PI-339283-LSP,9,99.20358333,2.6,28.75695733,16.19,Rosthern,2017
215,PI-339283-LSP,10,107.8733333,2.6,28.75695733,16.24,Rosthern,2017
215,PI-339283-LSP,11,116.26125,2.6,28.75695733,16.24,Rosthern,2017
216,PI-339285,10,107.8733333,2.6,32.16931217,16.24,Rosthern,2017
216,PI-339285,10,107.8733333,2.6,32.16931217,16.24,Rosthern,2017
216,PI-339285,9,99.20358333,2.6,32.16931217,16.19,Rosthern,2017
217,PI-339289-LSP,8,90.732125,2.6,,16.19,Rosthern,2017
217,PI-339289-LSP,9,99.20358333,2.6,,16.19,Rosthern,2017
217,PI-339289-LSP,9,99.20358333,2.6,,16.19,Rosthern,2017
218,PI-339292-LSP,8,90.732125,2.6,26.57088123,16.19,Rosthern,2017
218,PI-339292-LSP,9,99.20358333,2.6,26.57088123,16.19,Rosthern,2017
218,PI-339292-LSP,9,99.20358333,2.6,26.57088123,16.19,Rosthern,2017
219,PI-339296,9,99.20358333,2.6,25.17578125,16.19,Rosthern,2017
219,PI-339296,8,90.732125,2.6,25.17578125,16.19,Rosthern,2017
219,PI-339296,8,90.732125,2.6,25.17578125,16.19,Rosthern,2017
220,PI-343026-LSP,10,107.8733333,2.6,22.33840304,16.24,Rosthern,2017
220,PI-343026-LSP,10,107.8733333,2.6,22.33840304,16.24,Rosthern,2017
220,PI-343026-LSP,9,99.20358333,2.6,22.33840304,16.19,Rosthern,2017
221,PI-345627-LSP,9,99.20358333,2.6,45.68345324,16.19,Rosthern,2017
221,PI-345627-LSP,9,99.20358333,2.6,45.68345324,16.19,Rosthern,2017
221,PI-345627-LSP,9,99.20358333,2.6,45.68345324,16.19,Rosthern,2017
222,PI-358602-LSP,9,99.20358333,2.6,22.54448399,16.19,Rosthern,2017
222,PI-358602-LSP,9,99.20358333,2.6,22.54448399,16.19,Rosthern,2017
222,PI-358602-LSP,9,99.20358333,2.6,22.54448399,16.19,Rosthern,2017
223,PI-368647-LSP,9,99.20358333,2.6,25.33094812,16.19,Rosthern,2017
223,PI-368647-LSP,8,90.732125,2.6,25.33094812,16.19,Rosthern,2017
223,PI-368647-LSP,10,107.8733333,2.6,25.33094812,16.24,Rosthern,2017
224,PI-368651-LSP,9,99.20358333,2.6,22.13333333,16.19,Rosthern,2017
224,PI-368651-LSP,10,107.8733333,2.6,22.13333333,16.24,Rosthern,2017
224,PI-368651-LSP,9,99.20358333,2.6,22.13333333,16.19,Rosthern,2017
225,PI-370481-LSP,9,99.20358333,2.6,64.68690702,16.19,Rosthern,2017
225,PI-370481-LSP,9,99.20358333,2.6,64.68690702,16.19,Rosthern,2017
225,PI-370481-LSP,9,99.20358333,2.6,64.68690702,16.19,Rosthern,2017
226,PI-374116-LSP,9,99.20358333,2.6,27.50965251,16.19,Rosthern,2017
226,PI-374116-LSP,9,99.20358333,2.6,27.50965251,16.19,Rosthern,2017
227,PI-374117-LSP,9,99.20358333,2.6,35.25616698,16.19,Rosthern,2017
227,PI-374117-LSP,9,99.20358333,2.6,35.25616698,16.19,Rosthern,2017
227,PI-374117-LSP,9,99.20358333,2.6,35.25616698,16.19,Rosthern,2017
228,PI-374118,9,99.20358333,2.6,30.91932458,16.19,Rosthern,2017
228,PI-374118,9,99.20358333,2.6,30.91932458,16.19,Rosthern,2017
228,PI-374118,10,107.8733333,2.6,30.91932458,16.24,Rosthern,2017
229,PI-374120-LSP,9,99.20358333,2.6,45.47528517,16.19,Rosthern,2017
229,PI-374120-LSP,8,90.732125,2.6,45.47528517,16.19,Rosthern,2017
229,PI-374120-LSP,9,99.20358333,2.6,45.47528517,16.19,Rosthern,2017
230,PI-374121,8,90.732125,2.6,50.21526419,16.19,Rosthern,2017
230,PI-374121,8,90.732125,2.6,50.21526419,16.19,Rosthern,2017
230,PI-374121,9,99.20358333,2.6,50.21526419,16.19,Rosthern,2017
231,PI-379368-LSP,10,107.8733333,2.6,51.14942529,16.24,Rosthern,2017
231,PI-379368-LSP,9,99.20358333,2.6,51.14942529,16.19,Rosthern,2017
231,PI-379368-LSP,9,99.20358333,2.6,51.14942529,16.19,Rosthern,2017
232,PI-383682-LSP,9,99.20358333,2.6,20.01872659,16.19,Rosthern,2017
232,PI-383682-LSP,9,99.20358333,2.6,20.01872659,16.19,Rosthern,2017
232,PI-383682-LSP,9,99.20358333,2.6,20.01872659,16.19,Rosthern,2017
233,PI-420818,9,99.20358333,2.6,54.00369004,16.19,Rosthern,2017
233,PI-420818,9,99.20358333,2.6,54.00369004,16.19,Rosthern,2017
233,PI-420818,9,99.20358333,2.6,54.00369004,16.19,Rosthern,2017
234,PI-420924-LSP,9,99.20358333,2.6,56.46840149,16.19,Rosthern,2017
234,PI-420924-LSP,9,99.20358333,2.6,56.46840149,16.19,Rosthern,2017
234,PI-420924-LSP,9,99.20358333,2.6,56.46840149,16.19,Rosthern,2017
235,PI-420925-LSP,10,107.8733333,2.6,22.60617761,16.24,Rosthern,2017
235,PI-420925-LSP,9,99.20358333,2.6,22.60617761,16.19,Rosthern,2017
235,PI-420925-LSP,9,99.20358333,2.6,22.60617761,16.19,Rosthern,2017
236,PI-420929-LSP,9,99.20358333,2.6,29.76516634,16.19,Rosthern,2017
236,PI-420929-LSP,9,99.20358333,2.6,29.76516634,16.19,Rosthern,2017
236,PI-420929-LSP,11,116.26125,2.6,29.76516634,16.24,Rosthern,2017
237,PI-426202-LSP,10,107.8733333,2.6,22.875,16.24,Rosthern,2017
237,PI-426202-LSP,9,99.20358333,2.6,22.875,16.19,Rosthern,2017
237,PI-426202-LSP,9,99.20358333,2.6,22.875,16.19,Rosthern,2017
238,PI-426778-LSP,10,107.8733333,2.6,23.91459075,16.24,Rosthern,2017
238,PI-426778-LSP,9,99.20358333,2.6,23.91459075,16.19,Rosthern,2017
238,PI-426778-LSP,10,107.8733333,2.6,23.91459075,16.24,Rosthern,2017
239,PI-426784-LSP,10,107.8733333,2.6,24.08163265,16.24,Rosthern,2017
239,PI-426784-LSP,10,107.8733333,2.6,24.08163265,16.24,Rosthern,2017
239,PI-426784-LSP,10,107.8733333,2.6,24.08163265,16.24,Rosthern,2017
240,PI-426797-LSP,10,107.8733333,2.6,23.00917431,16.24,Rosthern,2017
240,PI-426797-LSP,10,107.8733333,2.6,23.00917431,16.24,Rosthern,2017
240,PI-426797-LSP,11,116.26125,2.6,23.00917431,16.24,Rosthern,2017
241,PI-426807-LSP,10,107.8733333,2.6,22.78810409,16.24,Rosthern,2017
241,PI-426807-LSP,11,116.26125,2.6,22.78810409,16.24,Rosthern,2017
241,PI-426807-LSP,10,107.8733333,2.6,22.78810409,16.24,Rosthern,2017
242,PI-431618-LSP,9,99.20358333,2.6,51.52892562,16.19,Rosthern,2017
242,PI-431618-LSP,8,90.732125,2.6,51.52892562,16.19,Rosthern,2017
242,PI-431618-LSP,9,99.20358333,2.6,51.52892562,16.19,Rosthern,2017
243,PI-431622-LSP,9,99.20358333,2.6,36.73584906,16.19,Rosthern,2017
243,PI-431622-LSP,9,99.20358333,2.6,36.73584906,16.19,Rosthern,2017
243,PI-431622-LSP,9,99.20358333,2.6,36.73584906,16.19,Rosthern,2017
244,PI-431630-LSP,10,107.8733333,2.6,28.58508604,16.24,Rosthern,2017
244,PI-431630-LSP,9,99.20358333,2.6,28.58508604,16.19,Rosthern,2017
244,PI-431630-LSP,9,99.20358333,2.6,28.58508604,16.19,Rosthern,2017
245,PI-431633-LSP,9,99.20358333,2.6,59.64636542,16.19,Rosthern,2017
245,PI-431633-LSP,9,99.20358333,2.6,59.64636542,16.19,Rosthern,2017
245,PI-431633-LSP,9,99.20358333,2.6,59.64636542,16.19,Rosthern,2017
246,PI-431636-LSP,9,99.20358333,2.6,53.50378788,16.19,Rosthern,2017
246,PI-431636-LSP,9,99.20358333,2.6,53.50378788,16.19,Rosthern,2017
246,PI-431636-LSP,9,99.20358333,2.6,53.50378788,16.19,Rosthern,2017
247,PI-431643-LSP,10,107.8733333,2.6,23.43119266,16.24,Rosthern,2017
247,PI-431643-LSP,9,99.20358333,2.6,23.43119266,16.19,Rosthern,2017
247,PI-431643-LSP,9,99.20358333,2.6,23.43119266,16.19,Rosthern,2017
248,PI-431662-LSP,10,107.8733333,2.6,27.25925926,16.24,Rosthern,2017
248,PI-431662-LSP,9,99.20358333,2.6,27.25925926,16.19,Rosthern,2017
248,PI-431662-LSP,9,99.20358333,2.6,27.25925926,16.19,Rosthern,2017
249,PI-431663-LSP,9,99.20358333,2.6,37.6635514,16.19,Rosthern,2017
249,PI-431663-LSP,8,90.732125,2.6,37.6635514,16.19,Rosthern,2017
249,PI-431663-LSP,9,99.20358333,2.6,37.6635514,16.19,Rosthern,2017
250,PI-431679-LSP,9,99.20358333,2.6,22.03921569,16.19,Rosthern,2017
250,PI-431679-LSP,9,99.20358333,2.6,22.03921569,16.19,Rosthern,2017
250,PI-431679-LSP,10,107.8733333,2.6,22.03921569,16.24,Rosthern,2017
251,PI-431684-LSP,9,99.20358333,2.6,24.53752182,16.19,Rosthern,2017
251,PI-431684-LSP,9,99.20358333,2.6,24.53752182,16.19,Rosthern,2017
251,PI-431684-LSP,10,107.8733333,2.6,24.53752182,16.24,Rosthern,2017
252,PI-431705-LSP,9,99.20358333,2.6,33.125,16.19,Rosthern,2017
252,PI-431705-LSP,9,99.20358333,2.6,33.125,16.19,Rosthern,2017
252,PI-431705-LSP,9,99.20358333,2.6,33.125,16.19,Rosthern,2017
253,PI-431710-LSP,9,99.20358333,2.6,30.7047619,16.19,Rosthern,2017
253,PI-431710-LSP,8,90.732125,2.6,30.7047619,16.19,Rosthern,2017
253,PI-431710-LSP,9,99.20358333,2.6,30.7047619,16.19,Rosthern,2017
254,PI-431714-LSP,10,107.8733333,2.6,30.70208729,16.24,Rosthern,2017
254,PI-431714-LSP,9,99.20358333,2.6,30.70208729,16.19,Rosthern,2017
254,PI-431714-LSP,9,99.20358333,2.6,30.70208729,16.19,Rosthern,2017
255,PI-431717-LSP,9,99.20358333,2.6,29.34782609,16.19,Rosthern,2017
255,PI-431717-LSP,9,99.20358333,2.6,29.34782609,16.19,Rosthern,2017
255,PI-431717-LSP,9,99.20358333,2.6,29.34782609,16.19,Rosthern,2017
256,PI-431728-LSP,9,99.20358333,2.6,27.26415094,16.19,Rosthern,2017
256,PI-431728-LSP,9,99.20358333,2.6,27.26415094,16.19,Rosthern,2017
256,PI-431728-LSP,9,99.20358333,2.6,27.26415094,16.19,Rosthern,2017
257,PI-431731-LSP,9,99.20358333,2.6,28.21359223,16.19,Rosthern,2017
257,PI-431731-LSP,8,90.732125,2.6,28.21359223,16.19,Rosthern,2017
257,PI-431731-LSP,8,90.732125,2.6,28.21359223,16.19,Rosthern,2017
258,PI-431739-LSP,9,99.20358333,2.6,28.16091954,16.19,Rosthern,2017
258,PI-431739-LSP,8,90.732125,2.6,28.16091954,16.19,Rosthern,2017
258,PI-431739-LSP,9,99.20358333,2.6,28.16091954,16.19,Rosthern,2017
259,PI-431753-LSP,9,99.20358333,2.6,29.79626486,16.19,Rosthern,2017
259,PI-431753-LSP,9,99.20358333,2.6,29.79626486,16.19,Rosthern,2017
259,PI-431753-LSP,9,99.20358333,2.6,29.79626486,16.19,Rosthern,2017
260,PI-431756-LSP,10,107.8733333,2.6,27.09677419,16.24,Rosthern,2017
260,PI-431756-LSP,9,99.20358333,2.6,27.09677419,16.19,Rosthern,2017
260,PI-431756-LSP,9,99.20358333,2.6,27.09677419,16.19,Rosthern,2017
261,PI-431809-LSP,9,99.20358333,2.6,36.89189189,16.19,Rosthern,2017
261,PI-431809-LSP,10,107.8733333,2.6,36.89189189,16.24,Rosthern,2017
261,PI-431809-LSP,9,99.20358333,2.6,36.89189189,16.19,Rosthern,2017
262,PI-431824-LSP,9,99.20358333,2.6,29.844098,16.19,Rosthern,2017
262,PI-431824-LSP,9,99.20358333,2.6,29.844098,16.19,Rosthern,2017
262,PI-431824-LSP,9,99.20358333,2.6,29.844098,16.19,Rosthern,2017
263,PI-431863-LSP,9,99.20358333,2.6,35.88235294,16.19,Rosthern,2017
263,PI-431863-LSP,9,99.20358333,2.6,35.88235294,16.19,Rosthern,2017
263,PI-431863-LSP,9,99.20358333,2.6,35.88235294,16.19,Rosthern,2017
264,PI-431873-LSP,9,99.20358333,2.6,26.692607,16.19,Rosthern,2017
264,PI-431873-LSP,9,99.20358333,2.6,26.692607,16.19,Rosthern,2017
264,PI-431873-LSP,9,99.20358333,2.6,26.692607,16.19,Rosthern,2017
265,PI-431884-LSP,9,99.20358333,2.6,31.56015038,16.19,Rosthern,2017
265,PI-431884-LSP,8,90.732125,2.6,31.56015038,16.19,Rosthern,2017
265,PI-431884-LSP,9,99.20358333,2.6,31.56015038,16.19,Rosthern,2017
266,PI-431888-LSP,9,99.20358333,2.6,26.5858209,16.19,Rosthern,2017
266,PI-431888-LSP,11,116.26125,2.6,26.5858209,16.24,Rosthern,2017
266,PI-431888-LSP,9,99.20358333,2.6,26.5858209,16.19,Rosthern,2017
267,PI-431923-LSP,9,99.20358333,2.6,23.52601156,16.19,Rosthern,2017
267,PI-431923-LSP,10,107.8733333,2.6,23.52601156,16.24,Rosthern,2017
267,PI-431923-LSP,9,99.20358333,2.6,23.52601156,16.19,Rosthern,2017
268,PI-431980-LSP,9,99.20358333,2.6,41.34831461,16.19,Rosthern,2017
268,PI-431980-LSP,9,99.20358333,2.6,41.34831461,16.19,Rosthern,2017
268,PI-431980-LSP,8,90.732125,2.6,41.34831461,16.19,Rosthern,2017
269,PI-432000-LSP,9,99.20358333,2.6,27.50430293,16.19,Rosthern,2017
269,PI-432000-LSP,9,99.20358333,2.6,27.50430293,16.19,Rosthern,2017
269,PI-432000-LSP,10,107.8733333,2.6,27.50430293,16.24,Rosthern,2017
270,PI-432001-LSP,9,99.20358333,2.6,39.88483685,16.19,Rosthern,2017
270,PI-432001-LSP,9,99.20358333,2.6,39.88483685,16.19,Rosthern,2017
270,PI-432001-LSP,10,107.8733333,2.6,39.88483685,16.24,Rosthern,2017
271,PI-432002-LSP,9,99.20358333,2.6,29.30743243,16.19,Rosthern,2017
271,PI-432002-LSP,9,99.20358333,2.6,29.30743243,16.19,Rosthern,2017
271,PI-432002-LSP,9,99.20358333,2.6,29.30743243,16.19,Rosthern,2017
272,PI-432005-LSP,10,107.8733333,2.6,44.35318275,16.24,Rosthern,2017
272,PI-432005-LSP,9,99.20358333,2.6,44.35318275,16.19,Rosthern,2017
272,PI-432005-LSP,9,99.20358333,2.6,44.35318275,16.19,Rosthern,2017
273,PI-432028-LSP,9,99.20358333,2.6,39.07216495,16.19,Rosthern,2017
273,PI-432028-LSP,9,99.20358333,2.6,39.07216495,16.19,Rosthern,2017
273,PI-432028-LSP,9,99.20358333,2.6,39.07216495,16.19,Rosthern,2017
274,PI-432033-LSP,9,99.20358333,2.6,38.2320442,16.19,Rosthern,2017
274,PI-432033-LSP,9,99.20358333,2.6,38.2320442,16.19,Rosthern,2017
274,PI-432033-LSP,10,107.8733333,2.6,38.2320442,16.24,Rosthern,2017
275,PI-432085-LSP,9,99.20358333,2.6,34.93955095,16.19,Rosthern,2017
275,PI-432085-LSP,9,99.20358333,2.6,34.93955095,16.19,Rosthern,2017
275,PI-432085-LSP,9,99.20358333,2.6,34.93955095,16.19,Rosthern,2017
276,PI-432106-LSP,9,99.20358333,2.6,48.21505376,16.19,Rosthern,2017
276,PI-432106-LSP,8,90.732125,2.6,48.21505376,16.19,Rosthern,2017
276,PI-432106-LSP,8,90.732125,2.6,48.21505376,16.19,Rosthern,2017
277,PI-432124-LSP,10,107.8733333,2.6,26.50557621,16.24,Rosthern,2017
277,PI-432124-LSP,9,99.20358333,2.6,26.50557621,16.19,Rosthern,2017
277,PI-432124-LSP,10,107.8733333,2.6,26.50557621,16.24,Rosthern,2017
278,PI-432145-LSP,9,99.20358333,2.6,30.88974855,16.19,Rosthern,2017
278,PI-432145-LSP,9,99.20358333,2.6,30.88974855,16.19,Rosthern,2017
278,PI-432145-LSP,9,99.20358333,2.6,30.88974855,16.19,Rosthern,2017
279,PI-432147-LSP,9,99.20358333,2.6,32.01639344,16.19,Rosthern,2017
279,PI-432147-LSP,9,99.20358333,2.6,32.01639344,16.19,Rosthern,2017
279,PI-432147-LSP,9,99.20358333,2.6,32.01639344,16.19,Rosthern,2017
280,PI-432184-LSP,8,90.732125,2.6,33.19298246,16.19,Rosthern,2017
280,PI-432184-LSP,9,99.20358333,2.6,33.19298246,16.19,Rosthern,2017
280,PI-432184-LSP,9,99.20358333,2.6,33.19298246,16.19,Rosthern,2017
281,PI-432188-LSP,9,99.20358333,2.6,38.11918063,16.19,Rosthern,2017
281,PI-432188-LSP,9,99.20358333,2.6,38.11918063,16.19,Rosthern,2017
281,PI-432188-LSP,10,107.8733333,2.6,38.11918063,16.24,Rosthern,2017
282,PI-432190-LSP,9,99.20358333,2.6,41.98039216,16.19,Rosthern,2017
282,PI-432190-LSP,9,99.20358333,2.6,41.98039216,16.19,Rosthern,2017
282,PI-432190-LSP,8,90.732125,2.6,41.98039216,16.19,Rosthern,2017
283,PI-432201-LSP,9,99.20358333,2.6,23.18345324,16.19,Rosthern,2017
283,PI-432201-LSP,10,107.8733333,2.6,23.18345324,16.24,Rosthern,2017
283,PI-432201-LSP,9,99.20358333,2.6,23.18345324,16.19,Rosthern,2017
284,PI-432212-LSP,10,107.8733333,2.6,26.59574468,16.24,Rosthern,2017
284,PI-432212-LSP,10,107.8733333,2.6,26.59574468,16.24,Rosthern,2017
284,PI-432212-LSP,9,99.20358333,2.6,26.59574468,16.19,Rosthern,2017
285,PI-432236-LSP,10,107.8733333,2.6,20.15414258,16.24,Rosthern,2017
285,PI-432236-LSP,9,99.20358333,2.6,20.15414258,16.19,Rosthern,2017
285,PI-432236-LSP,9,99.20358333,2.6,20.15414258,16.19,Rosthern,2017
286,PI-432245-LSP,10,107.8733333,2.6,58.03402647,16.24,Rosthern,2017
286,PI-432245-LSP,9,99.20358333,2.6,58.03402647,16.19,Rosthern,2017
286,PI-432245-LSP,9,99.20358333,2.6,58.03402647,16.19,Rosthern,2017
287,PI-432271-LSP,9,99.20358333,2.6,26.87378641,16.19,Rosthern,2017
287,PI-432271-LSP,9,99.20358333,2.6,26.87378641,16.19,Rosthern,2017
287,PI-432271-LSP,8,90.732125,2.6,26.87378641,16.19,Rosthern,2017
288,PI-432286-LSP,9,99.20358333,2.6,26.79316888,16.19,Rosthern,2017
288,PI-432286-LSP,9,99.20358333,2.6,26.79316888,16.19,Rosthern,2017
288,PI-432286-LSP,9,99.20358333,2.6,26.79316888,16.19,Rosthern,2017
289,PI-451763-LSP,9,99.20358333,2.6,50.75046904,16.19,Rosthern,2017
289,PI-451763-LSP,8,90.732125,2.6,50.75046904,16.19,Rosthern,2017
289,PI-451763-LSP,10,107.8733333,2.6,50.75046904,16.24,Rosthern,2017
290,PI-458503-LSP,9,99.20358333,2.6,34.52631579,16.19,Rosthern,2017
290,PI-458503-LSP,10,107.8733333,2.6,34.52631579,16.24,Rosthern,2017
290,PI-458503-LSP,9,99.20358333,2.6,34.52631579,16.19,Rosthern,2017
291,PI-468900-LSP,10,107.8733333,2.6,40.64220183,16.24,Rosthern,2017
291,PI-468900-LSP,9,99.20358333,2.6,40.64220183,16.19,Rosthern,2017
291,PI-468900-LSP,9,99.20358333,2.6,40.64220183,16.19,Rosthern,2017
292,PI-468901,10,107.8733333,2.6,29.01337793,16.24,Rosthern,2017
292,PI-468901,9,99.20358333,2.6,29.01337793,16.19,Rosthern,2017
292,PI-468901,9,99.20358333,2.6,29.01337793,16.19,Rosthern,2017
293,PI-468902-LSP,9,99.20358333,2.6,26.57643312,16.19,Rosthern,2017
293,PI-468902-LSP,8,90.732125,2.6,26.57643312,16.19,Rosthern,2017
293,PI-468902-LSP,9,99.20358333,2.6,26.57643312,16.19,Rosthern,2017
294,PI-472136-LSP,10,107.8733333,2.6,24.23149905,16.24,Rosthern,2017
294,PI-472136-LSP,10,107.8733333,2.6,24.23149905,16.24,Rosthern,2017
294,PI-472136-LSP,10,107.8733333,2.6,24.23149905,16.24,Rosthern,2017
295,PI-472205-LSP,10,107.8733333,2.6,30.80935252,16.24,Rosthern,2017
295,PI-472205-LSP,9,99.20358333,2.6,30.80935252,16.19,Rosthern,2017
295,PI-472205-LSP,10,107.8733333,2.6,30.80935252,16.24,Rosthern,2017
296,PI-472213-LSP,9,99.20358333,2.6,35.63545151,16.19,Rosthern,2017
296,PI-472213-LSP,10,107.8733333,2.6,35.63545151,16.24,Rosthern,2017
296,PI-472213-LSP,8,90.732125,2.6,35.63545151,16.19,Rosthern,2017
297,PI-472327-LSP,9,99.20358333,2.6,23.17204301,16.19,Rosthern,2017
297,PI-472327-LSP,10,107.8733333,2.6,23.17204301,16.24,Rosthern,2017
297,PI-472327-LSP,10,107.8733333,2.6,23.17204301,16.24,Rosthern,2017
298,PI-472380-LSP,10,107.8733333,2.6,24.90458015,16.24,Rosthern,2017
298,PI-472380-LSP,9,99.20358333,2.6,24.90458015,16.19,Rosthern,2017
298,PI-472380-LSP,10,107.8733333,2.6,24.90458015,16.24,Rosthern,2017
299,PI-472416-LSP,10,107.8733333,2.6,22.06959707,16.24,Rosthern,2017
299,PI-472416-LSP,10,107.8733333,2.6,22.06959707,16.24,Rosthern,2017
299,PI-472416-LSP,9,99.20358333,2.6,22.06959707,16.19,Rosthern,2017
300,PI-472488-LSP,11,116.26125,2.6,25.72533849,16.24,Rosthern,2017
300,PI-472488-LSP,10,107.8733333,2.6,25.72533849,16.24,Rosthern,2017
300,PI-472488-LSP,11,116.26125,2.6,25.72533849,16.24,Rosthern,2017
301,PI-472559-LSP,10,107.8733333,2.6,20.44859813,16.24,Rosthern,2017
301,PI-472559-LSP,10,107.8733333,2.6,20.44859813,16.24,Rosthern,2017
301,PI-472559-LSP,10,107.8733333,2.6,20.44859813,16.24,Rosthern,2017
302,PI-472561-LSP,10,107.8733333,2.6,25.03828484,16.24,Rosthern,2017
302,PI-472561-LSP,10,107.8733333,2.6,25.03828484,16.24,Rosthern,2017
302,PI-472561-LSP,10,107.8733333,2.6,25.03828484,16.24,Rosthern,2017
303,PI-472569-LSP,10,107.8733333,2.6,22.71559633,16.24,Rosthern,2017
303,PI-472569-LSP,11,116.26125,2.6,22.71559633,16.24,Rosthern,2017
303,PI-472569-LSP,10,107.8733333,2.6,22.71559633,16.24,Rosthern,2017
304,PI-472588-LSP,10,107.8733333,2.6,28.44484629,16.24,Rosthern,2017
304,PI-472588-LSP,10,107.8733333,2.6,28.44484629,16.24,Rosthern,2017
304,PI-472588-LSP,9,99.20358333,2.6,28.44484629,16.19,Rosthern,2017
305,PI-472590-LSP,9,99.20358333,2.6,49.70093458,16.19,Rosthern,2017
305,PI-472590-LSP,9,99.20358333,2.6,49.70093458,16.19,Rosthern,2017
305,PI-472590-LSP,9,99.20358333,2.6,49.70093458,16.19,Rosthern,2017
306,PI-472615-LSP,10,107.8733333,2.6,45.73737374,16.24,Rosthern,2017
306,PI-472615-LSP,10,107.8733333,2.6,45.73737374,16.24,Rosthern,2017
306,PI-472615-LSP,9,99.20358333,2.6,45.73737374,16.19,Rosthern,2017
307,PI-472629-LSP,10,107.8733333,2.6,,16.24,Rosthern,2017
307,PI-472629-LSP,9,99.20358333,2.6,,16.19,Rosthern,2017
307,PI-472629-LSP,8,90.732125,2.6,,16.19,Rosthern,2017
308,PI-477921-LSP,8,90.732125,2.6,51.70731707,16.19,Rosthern,2017
308,PI-477921-LSP,9,99.20358333,2.6,51.70731707,16.19,Rosthern,2017
308,PI-477921-LSP,9,99.20358333,2.6,51.70731707,16.19,Rosthern,2017
309,PI-490288-LSP,8,90.732125,2.6,26.60268714,16.19,Rosthern,2017
309,PI-490288-LSP,9,99.20358333,2.6,26.60268714,16.19,Rosthern,2017
309,PI-490288-LSP,9,99.20358333,2.6,26.60268714,16.19,Rosthern,2017
310,PI-490289-LSP,9,99.20358333,2.6,41.83274021,16.19,Rosthern,2017
310,PI-490289-LSP,10,107.8733333,2.6,41.83274021,16.24,Rosthern,2017
310,PI-490289-LSP,9,99.20358333,2.6,41.83274021,16.19,Rosthern,2017
311,PI-508090,9,99.20358333,2.6,56.00694444,16.19,Rosthern,2017
311,PI-508090,8,90.732125,2.6,56.00694444,16.19,Rosthern,2017
311,PI-508090,8,90.732125,2.6,56.00694444,16.19,Rosthern,2017
312,PI-518733-LSP,10,107.8733333,2.6,34.50160772,16.24,Rosthern,2017
312,PI-518733-LSP,9,99.20358333,2.6,34.50160772,16.19,Rosthern,2017
312,PI-518733-LSP,10,107.8733333,2.6,34.50160772,16.24,Rosthern,2017
313,PI-518734-LSP,10,107.8733333,2.6,26.16666667,16.24,Rosthern,2017
313,PI-518734-LSP,9,99.20358333,2.6,26.16666667,16.19,Rosthern,2017
313,PI-518734-LSP,9,99.20358333,2.6,26.16666667,16.19,Rosthern,2017
314,PI-533688-LSP,10,107.8733333,2.6,61.29032258,16.24,Rosthern,2017
314,PI-533688-LSP,9,99.20358333,2.6,61.29032258,16.19,Rosthern,2017
314,PI-533688-LSP,9,99.20358333,2.6,61.29032258,16.19,Rosthern,2017
315,PI-533693-LSP,9,99.20358333,2.6,27.57338552,16.19,Rosthern,2017
315,PI-533693-LSP,8,90.732125,2.6,27.57338552,16.19,Rosthern,2017
315,PI-533693-LSP,9,99.20358333,2.6,27.57338552,16.19,Rosthern,2017
316,PI-612875,10,107.8733333,2.6,24.81099656,16.24,Rosthern,2017
316,PI-612875,10,107.8733333,2.6,24.81099656,16.24,Rosthern,2017
316,PI-612875,10,107.8733333,2.6,24.81099656,16.24,Rosthern,2017
317,PI-643451,10,107.8733333,2.6,29.94140625,16.24,Rosthern,2017
317,PI-643451,10,107.8733333,2.6,29.94140625,16.24,Rosthern,2017
317,PI-643451,9,99.20358333,2.6,29.94140625,16.19,Rosthern,2017
318,PI-643452,9,99.20358333,2.6,31.3001912,16.19,Rosthern,2017
318,PI-643452,10,107.8733333,2.6,31.3001912,16.24,Rosthern,2017
318,PI-643452,10,107.8733333,2.6,31.3001912,16.24,Rosthern,2017
319,Shasta,10,107.8733333,2.6,46.1010101,16.24,Rosthern,2017
319,Shasta,10,107.8733333,2.6,46.1010101,16.24,Rosthern,2017
319,Shasta,11,116.26125,2.6,46.1010101,16.24,Rosthern,2017
320,W6-27754-LSP,10,107.8733333,2.6,33.24675325,16.24,Rosthern,2017
320,W6-27754-LSP,9,99.20358333,2.6,33.24675325,16.19,Rosthern,2017
320,W6-27754-LSP,10,107.8733333,2.6,33.24675325,16.24,Rosthern,2017
321,W6-27760-LSP,10,107.8733333,2.6,34.65250965,16.24,Rosthern,2017
321,W6-27760-LSP,9,99.20358333,2.6,34.65250965,16.19,Rosthern,2017
321,W6-27760-LSP,9,99.20358333,2.6,34.65250965,16.19,Rosthern,2017
322,W6-27763-LSP,9,99.20358333,2.6,24.48105437,16.19,Rosthern,2017
322,W6-27763-LSP,9,99.20358333,2.6,24.48105437,16.19,Rosthern,2017
322,W6-27763-LSP,9,99.20358333,2.6,24.48105437,16.19,Rosthern,2017
323,W6-27766-LSP,9,99.20358333,2.6,31.77981651,16.19,Rosthern,2017
323,W6-27766-LSP,10,107.8733333,2.6,31.77981651,16.24,Rosthern,2017
323,W6-27766-LSP,10,107.8733333,2.6,31.77981651,16.24,Rosthern,2017
324,W6-27767-LSP,10,107.8733333,2.6,28.98467433,16.24,Rosthern,2017
324,W6-27767-LSP,10,107.8733333,2.6,28.98467433,16.24,Rosthern,2017
324,W6-27767-LSP,11,116.26125,2.6,28.98467433,16.24,Rosthern,2017